task_id,episode_id,policy_family,prefix_cutoff,prefix_index,baseline_metric,judge_metric,sparse_reward_signal,judge_signal,success_label,prefix_failure_label,prefix_recoverability_label,judge_on_track_score,judge_implausibility_score,judge_uncertainty_score,baseline_vs_judge_gap,latent_mismatch_score,latent_alignment_score,progress_proxy,distance_progress,target_distance_last,target_distance_best,in_place_score,grasp_signal_peak,success_signal_peak,reward_density,stall_score
push-v3,push-v3-expert-ep-3,expert,0.5,37,0.999998,0.208465,0.0,0.208465,False,False,at_risk,0.305337,0.200508,0.642034,-0.791533,0.037364,0.962636,2e-06,2e-06,0.16893,0.16893,0.183126,0.8,0.0,0.802262,0.999998
push-v3,push-v3-misleading-ep-4,misleading,0.25,18,0.999999,0.24533,0.0,0.24533,False,False,at_risk,0.073092,0.145646,0.396632,-0.754669,0.014792,0.985208,1e-06,1e-06,0.198135,0.198135,0.165817,0.026317,0.0,0.048747,0.999999
push-v3,push-v3-expert-ep-2,expert,0.5,37,0.999998,0.216647,0.0,0.216647,False,False,at_risk,0.293263,0.204558,0.644907,-0.783351,0.034489,0.965511,2e-06,2e-06,0.188847,0.188846,0.170501,0.8,0.0,0.788267,0.999998
push-v3,push-v3-expert-ep-0,expert,0.5,37,0.999999,0.22137,0.0,0.22137,False,False,at_risk,0.26779,0.177353,0.653931,-0.778629,0.03196,0.96804,1e-06,1e-06,0.261482,0.261482,0.145199,0.8,0.0,1.137349,0.999999
push-v3,push-v3-expert-ep-1,expert,0.5,37,0.999999,0.223752,0.0,0.223752,False,False,at_risk,0.280208,0.203498,0.649142,-0.776247,0.040595,0.959405,1e-06,1e-06,0.21457,0.21457,0.158875,0.8,0.0,0.818976,0.999999
push-v3,push-v3-expert-ep-4,expert,0.5,37,0.999999,0.224923,0.0,0.224923,False,False,at_risk,0.296173,0.238645,0.639903,-0.775076,0.040564,0.959436,1e-06,1e-06,0.159472,0.159472,0.190801,0.799869,0.0,0.542057,0.999999
push-v3,push-v3-misleading-ep-0,misleading,0.25,18,0.999999,0.246025,0.0,0.246025,False,False,at_risk,0.080915,0.147208,0.399088,-0.753974,0.026033,0.973967,1e-06,1e-06,0.179213,0.179213,0.176101,0.027295,0.0,0.053324,0.999999
push-v3,push-v3-misleading-ep-1,misleading,0.25,18,0.999999,0.252884,0.0,0.252884,False,False,at_risk,0.056405,0.146731,0.399675,-0.747115,0.021092,0.978908,1e-06,1e-06,0.225478,0.225478,0.155015,0.026341,0.0,0.049914,0.999999
